20261002T0519	delta-flooded-shaft-wooden-pick	candidate	digsync2	alive	not	rise19	move34	picks_lost0	iron_wear0	samples52
20261002T0519	delta-flooded-shaft-wooden-pick	control	fx3	alive	not	rise8	move3	picks_lost0	iron_wear0	samples50
20261002T0519	delta-flooded-shaft-wooden-pick	control	fx3	alive	not	rise8	move14	picks_lost0	iron_wear0	samples52
20261002T0519	delta-flooded-shaft-wooden-pick	candidate	digsync2	alive	not	rise8	move2	picks_lost0	iron_wear0	samples49
20261002T0519	bravo-flooded-pocket-no-tools	candidate	digsync2	alive	not	rise0	move0	picks_lost0	iron_wear0	samples65
20261002T0519	bravo-flooded-pocket-no-tools	control	fx3	alive	not	rise0	move0	picks_lost0	iron_wear0	samples111
20261002T0519	bravo-flooded-pocket-no-tools	candidate	digsync2	alive	not	rise0	move0	picks_lost0	iron_wear0	samples72
20261002T0519	bravo-flooded-pocket-no-tools	control	fx3	alive	not	rise0	move0	picks_lost0	iron_wear0	samples73
20261002T0519	buried-ore-d5	control	fx3	alive	not	rise20	move11	picks_lost0	iron_wear0	samples21
20261002T0519	buried-ore-d5	candidate	digsync2	alive	not	rise20	move11	picks_lost0	iron_wear0	samples28
20261002T0519	buried-ore-d5	candidate	digsync2	alive	not	rise5	move5	picks_lost0	iron_wear0	samples20
20261002T0519	buried-ore-d5	control	fx3	alive	not	rise3	move3	picks_lost0	iron_wear0	samples21
20261002T0519	buried-ore-d6-detour	control	fx3	alive	not	rise4	move2	picks_lost0	iron_wear0	samples21
20261002T0519	buried-ore-d6-detour	candidate	digsync2	alive	not	rise6	move0	picks_lost0	iron_wear0	samples21
20261002T0519	buried-ore-d6-detour	candidate	digsync2	alive	not	rise6	move0	picks_lost0	iron_wear0	samples21
20261002T0519	buried-ore-d6-detour	control	fx3	alive	not	rise1	move1	picks_lost0	iron_wear0	samples19
20261002T0555	ore-d5-iron-carried	candidate	digsync2	alive	not	rise5	move0	picks_lost0	iron_wear0	samples21
20261002T0555	ore-d5-iron-carried	control	fx3	alive	not	rise3	move1	picks_lost0	iron_wear0	samples25
20261002T0555	ore-d5-iron-carried	control	fx3	alive	not	rise1	move2	picks_lost0	iron_wear0	samples19
20261002T0555	ore-d5-iron-carried	candidate	digsync2	alive	not	rise5	move0	picks_lost0	iron_wear0	samples19
20261002T0555	ore-d6-iron-carried	control	fx3	alive	not	rise1	move2	picks_lost0	iron_wear0	samples17
20261002T0555	ore-d6-iron-carried	candidate	digsync2	alive	not	rise5	move0	picks_lost0	iron_wear0	samples21
20261002T0555	ore-d6-iron-carried	candidate	digsync2	alive	not	rise5	move0	picks_lost0	iron_wear0	samples21
20261002T0555	ore-d6-iron-carried	control	fx3	alive	not	rise4	move1	picks_lost0	iron_wear0	samples21
20261003T0000	ore-d5-iron-carried	control	ore3	alive	not	rise4	move0	picks_lost0	iron_wear0	samples23
20261003T0000	ore-d5-iron-carried	candidate	orepack	alive	not	rise5	move0	picks_lost0	iron_wear0	samples27
20261003T0000	ore-d6-iron-carried	control	ore3	alive	not	rise2	move0	picks_lost0	iron_wear0	samples22
20261003T0000	ore-d6-iron-carried	candidate	orepack	alive	not	rise6	move0	picks_lost0	iron_wear0	samples26
20261003T0013	ore-d5-iron-carried	candidate	orepack	alive	not	rise5	move0	picks_lost0	iron_wear0	samples21
20261003T0013	ore-d5-iron-carried	control	ore3	alive	not	rise3	move0	picks_lost0	iron_wear0	samples19
20261003T0013	ore-d6-iron-carried	control	ore3	alive	not	rise2	move0	picks_lost0	iron_wear0	samples21
20261003T0013	ore-d6-iron-carried	candidate	orepack	alive	not	rise5	move0	picks_lost0	iron_wear0	samples23
20261003T0024	ore-d5-iron-carried	control	ore3	alive	not	rise2	move0	picks_lost0	iron_wear0	samples20
20261003T0024	ore-d5-iron-carried	candidate	orepack	alive	not	rise5	move0	picks_lost0	iron_wear0	samples21
20261003T0024	ore-d6-iron-carried	control	ore3	alive	not	rise3	move0	picks_lost0	iron_wear0	samples19
20261003T0024	ore-d6-iron-carried	candidate	orepack	alive	not	rise6	move0	picks_lost0	iron_wear0	samples23
